Date,Temperature (Â°C),Humidity (%),Day Type,Electricity Demand (MW),East Delhi Demand (MW),West Delhi Demand (MW),North Delhi Demand (MW),South Delhi Demand (MW),Peak Demand (MW)
2023-01-01,10.559794712645143,53.14891681473299,Weekend,2926.9206833377534,617.316470069556,1165.2607480644665,909.8693259165533,745.6582627089289,4769.817949136428
2023-01-02,11.740730084200585,61.06159556880313,Weekday,4756.43232953502,1353.3088623036597,1373.529777242167,601.0035448092157,1157.7130789456276,5347.884377526623
2023-01-03,14.426510417385344,38.47542004814416,Weekday,5520.253846559046,903.4104429732135,1120.089114169844,1394.2998367607115,1366.2952620156934,5836.106238114259
2023-01-04,28.768459989067154,28.55397633603573,Weekday,3658.880633933739,1103.349532787241,601.0064599661652,1002.7599198428447,796.1737538647413,5543.165075837994
2023-01-05,29.386453088803464,60.54936415619867,Weekday,2552.939021779353,842.3277855739392,1384.3902742397295,814.2426918668205,1468.5754020220324,4834.466108221007
2023-01-06,32.82622423643133,79.03435578490391,Weekday,3252.0682846934365,758.5402560122668,954.5748632592799,1469.044048995465,891.1765337588845,4949.037245447308
2023-01-07,30.16475273119462,66.54455954887027,Weekend,3073.581995961118,1184.6853772010477,1196.6392604006678,1104.5845433282557,1311.7292750762904,4697.1923958286425
2023-01-08,22.632058332020797,23.424456493894315,Weekend,2978.008264243473,952.9705470316642,969.2838682262661,1422.5445442756068,731.5648166222188,6113.507302195943
2023-01-09,14.747091034343761,54.500873683647,Weekday,3944.2750574473775,1219.822238120451,1220.1093576864928,1422.8073161385,1404.2912875570041,4526.887421172617
2023-01-10,12.715014412415842,57.92592493485226,Weekday,4270.449274641186,1268.1545664134837,798.8119666482656,1397.6145485759723,1006.4837194782783,6488.146845676747
2023-01-11,8.235447950179491,62.08517064171651,Weekday,5967.300136634859,1084.648757722568,1464.197313207852,1458.6819836407683,1109.4195862218826,5736.171632379572
2023-01-12,8.32861659229713,62.79118034369789,Weekday,3958.1575403939805,943.6731415431508,1116.5361087001177,880.456201614512,954.5669771008678,4631.772403797445
2023-01-13,8.434943858790893,39.9969123065195,Weekday,2809.7539888475644,896.0233487401711,1401.8084762879832,1126.3349491745794,1346.3020190357988,5499.873176559371
2023-01-14,34.802855960429,68.15303434917766,Weekend,3851.7048894459153,1273.7238640394075,1353.67008883995,1186.125257258475,1322.515683173009,5753.071208146027
2023-01-15,15.37206842014373,79.79097746274002,Holiday,7255.070375222367,1385.5612311192428,1818.6259696554353,1125.2511071425588,1013.2954991776905,6333.152211001996
2023-01-16,20.29403215991359,76.63575832606017,Weekday,3560.998181778078,718.2123277823396,632.8665503231807,717.1031742612486,1228.9728436226137,6121.3667067723145
2023-01-17,32.878272400648854,35.65253994050947,Weekday,3270.8273117433837,619.7195853249586,1008.7727097633052,767.9085487251841,780.1235793870298,6253.023590883134
2023-01-18,21.714794118445564,24.63434434172725,Weekday,4470.980512948868,1374.52937586358,779.6794876699028,856.9494947208418,626.2189154777665,6034.489394557484
2023-01-19,15.635782006195495,49.295434414086806,Weekday,3097.5913080688356,872.4684541536537,984.4052611985901,1449.8052060943971,701.0520974397825,6748.909493043321
2023-01-20,9.554464093831736,59.92899788479764,Weekday,4000.9529958167805,685.4859492120835,894.0019357671412,808.0121182045299,1104.6622541169804,4532.643307829331
2023-01-21,30.93857611608808,65.92250167987179,Weekend,3038.858699479519,1335.1706339323334,698.8938626156435,851.0813612303095,1488.0359995407935,4626.954801520842
2023-01-22,24.357162886115244,24.962995678113618,Weekend,3172.695868700017,605.62568998916,1312.1074454862346,800.9582844995771,1021.142864442113,6204.140549702808
2023-01-23,29.646348108908256,69.06120415300248,Weekday,5792.946059719347,627.8285011580665,1025.9714634913628,645.6861660227854,1305.4287759303397,5297.805982343082
2023-01-24,31.218634986280858,43.999290623029005,Weekday,2865.460903027379,829.3592542662614,1274.6485648796463,1385.762667804822,1482.7767525093104,5980.267967514868
2023-01-25,24.43517138091663,71.7033439509793,Weekday,4108.513046197136,774.1724857569794,1162.8821049276958,934.6091202913076,667.0393758663863,6651.956765348178
2023-01-26,11.449076910041887,77.55580868558081,Weekday,4706.291761076058,840.9876868672436,1332.1049663224537,1440.6814892707648,741.4056095405409,4825.909859189404
2023-01-27,29.153480642039725,68.56728550121798,Weekday,2557.6003624464015,1469.7950355036148,980.7098771829683,1309.587014813569,912.699104794071,5301.168088903283
2023-01-28,10.887488490913952,30.053378328298663,Weekend,5868.328078483619,689.8464932850718,1260.947340916639,1307.207172102133,1455.2506541354605,6384.74818872281
2023-01-29,24.780596649034493,65.16902203422607,Weekend,4711.740975576967,1355.12363441048,1444.413090071066,814.1201908356174,1254.3337392013118,5820.283811187528
2023-01-30,34.66543071892268,31.312883802966,Weekday,2867.3883458963355,1116.3553438462409,1324.2950039721359,1293.7377983189372,1295.46561413181,5333.483161233442
2023-01-31,26.97011417795071,78.84628256605771,Weekday,5389.055484973794,1127.5620961089312,871.4771131104172,1256.3030764686819,1499.9345314611473,5061.250857620596
2023-02-01,14.897707984319865,29.058414043252604,Weekday,5562.686715165206,649.6377369111301,1255.4212787967892,790.9173569198153,979.3757542764242,5617.794229588029
2023-02-02,10.511156789282973,66.55355717913507,Weekday,2552.082740064413,1438.4911145348408,1031.5222414921823,770.7168773971782,1466.3056065273086,5476.824199755504
2023-02-03,38.505721411990876,56.4340984096083,Weekday,4130.560247032254,901.3123316943867,1299.939412516912,1479.5685375397854,848.4663831388682,5155.00027669548
2023-02-04,39.61388294571487,21.752380475588236,Weekend,4687.594140638727,1362.087858943259,626.4146133822069,705.2909793554379,1325.1359828605327,6657.145374788697
2023-02-05,23.173891505028276,20.755955576608244,Weekend,5123.601202079974,867.9826604392737,1258.5162220422549,924.6688432734555,879.2084576036342,6155.412413484733
2023-02-06,27.18307619835643,43.21371184406996,Weekday,4838.570672151865,711.3811931941071,857.580701159424,1207.187149739918,1407.981128593399,6354.862388007908
2023-02-07,21.609997176559876,30.826178450668742,Weekday,2571.8212760268875,1019.1357869686302,749.9530732620593,816.5671965428395,793.5076873497535,6776.711860614547
2023-02-08,5.144312174559402,30.843551127726933,Weekday,4138.125012808881,650.7901468092336,1349.6476747945176,688.7990084402835,661.8016425779432,5956.485511182334
2023-02-09,29.836091619104046,65.85597003505359,Weekday,3399.285863561127,767.0222200965796,893.7216938852837,1036.2770564168559,902.5811880014029,5677.741522368142
2023-02-10,33.24003658462521,69.48245363043279,Weekday,5500.012665854796,901.9167135495647,796.0147556732556,861.4182915378829,741.7180082646821,5322.56412256792
2023-02-11,7.490712779525013,44.34001788791629,Weekend,5687.0017977552,1207.1306983865,603.9710048134757,1299.3832415922038,619.5889441333874,6411.483086568491
2023-02-12,35.11893060072397,67.69382686336641,Weekend,3002.274334780485,1246.4212721804597,1138.6392563592221,1059.233543509031,1148.5216058612914,5734.396089898206
2023-02-13,22.52208450275989,60.259663977393494,Weekday,4625.683002298034,766.7981882563633,945.3666824909897,1170.2920819949018,750.9483679416912,4842.350326152266
2023-02-14,33.86181028831769,63.398164253745016,Weekday,3618.37116096463,1017.4056613268067,1163.2455567207428,791.5366062280671,1076.4345949000403,4662.068232903692
2023-02-15,21.981642755149018,69.91057129141984,Weekday,2506.6599842343317,782.199864533492,1481.1488958223758,1152.330284585884,704.4429395349916,5255.002384729076
2023-02-16,24.00732461711242,72.50665595304002,Weekday,5148.02371178807,841.4013568214165,1441.8001583725109,1172.7252415745224,1061.494772729094,6363.933935620681
2023-02-17,30.257237907965674,22.767093063758907,Weekday,4716.477316482025,1023.0323432997977,1041.3821907996341,711.7213092652358,633.7608987739252,6473.5184990622665
2023-02-18,33.22543882595684,48.06616493854922,Weekend,3914.3110728683905,751.2924503728282,1236.8982733547014,983.7107185872114,1024.4396104700918,6063.178071832003
2023-02-19,23.3081963935587,48.760301314902065,Weekend,3165.759900373769,1421.8944703343634,1444.9896576033173,622.8261280379465,1008.3861007058954,6229.859341269667
2023-02-20,28.99840676272902,40.51578952943201,Weekday,4461.262569769592,1109.9250420100348,1200.8122654529752,638.6300909515246,600.316774120202,4895.785881220855
2023-02-21,8.060561388088336,49.78108279890667,Weekday,3644.110071982741,747.5848992824981,816.9716026193969,1286.1207499269358,959.1517673308858,5343.029129190229
2023-02-22,7.527021501838714,52.930592198782044,Weekday,3925.7739434631058,1451.636309574989,819.1845529830442,1439.8576424586806,878.8972654380866,5818.919930351873
2023-02-23,34.61092344485643,39.50757344553429,Weekday,2697.2185611856135,1036.2704082659088,955.739740605891,750.8850549962833,621.0387570847085,4859.427304788591
2023-02-24,30.40443916392888,49.00259273862963,Weekday,3290.3844614935706,1321.3149287936578,628.049402862059,610.9521937963262,960.2354293694069,5661.660130335355
2023-02-25,33.2153032318826,67.38478580942294,Weekend,3422.611018779518,1323.5187052982387,1225.692915509076,1396.6044995272623,1382.2200643494125,4982.055030835451
2023-02-26,17.615478090868596,53.6759300421792,Weekend,4448.238759070249,1001.3186211258193,755.3016835586034,879.3738095713352,773.4683812005482,6246.2597198654385
2023-02-27,36.549295462452186,66.98312988831384,Weekday,4172.207381791418,1352.531431128895,1497.213108314675,997.8969476365991,1051.6677143411957,6949.355500417114
2023-02-28,18.80324276659014,55.332897958774886,Weekday,4389.3812048472755,1458.9516030578054,1343.011418669164,940.0118707561376,734.6760485691269,6463.050185904548
2023-03-01,38.88916695345701,58.392084336226475,Weekday,5960.694326027531,1078.017545578379,1045.4140328405606,903.4838563503886,1455.2119863665275,5128.99850462981
2023-03-02,13.528253453141485,36.427645166531676,Weekday,4939.631752115272,762.5147797436543,869.0836038553956,897.4002010282527,1325.2956307248191,5684.403690450566
2023-03-03,19.463187512907286,38.933028592040486,Weekday,3607.5534641353443,1370.7429176770179,1334.1202376881142,908.2425969447879,1095.192667906108,4655.817503433042
2023-03-04,6.194667723317734,54.80311563668683,Weekend,3700.537941298425,995.226457230191,740.7208476354449,614.3044077022183,1127.312949834115,5734.387329637575
2023-03-05,13.01333596808769,79.02405281270796,Weekend,2857.4117243096966,1366.4624878402526,995.3376101987244,776.6538695287386,1485.9701893605463,5123.328200330277
2023-03-06,37.79379464235817,36.60985751110928,Weekday,3831.665220916285,1192.8004126440342,1332.3188447559933,1402.0657641879077,789.1462284891736,4902.293779515219
2023-03-07,20.32231034565354,51.824141306909624,Weekday,4707.450305167927,1100.606452715575,962.7215223597209,835.6290317520422,678.4483931438439,5959.603881545264
2023-03-08,29.25395931918908,24.81501129519973,Weekday,5954.083670626371,1197.0819022410346,697.9355180910528,1345.299076655457,1092.951820546951,5074.0927372599845
2023-03-09,21.9077438557243,40.668897448235754,Weekday,5097.6833581125575,1407.6684336314665,813.3572450773149,835.9218111983771,664.4612957864414,5824.286213053621
2023-03-10,14.319669252619885,68.35125261569789,Weekday,5502.7985709031145,704.4532904948344,1333.407634765608,761.8998028038081,708.6419779768374,5240.346700878903
2023-03-11,38.17363955986712,72.6797062681456,Holiday,7107.754643273788,1103.8594755510408,799.0099621668817,1264.0184765663687,1593.1916886699285,7507.489800340917
2023-03-12,27.412684868416452,66.8695932051003,Weekend,5080.052731631746,1426.4823071606102,714.565240272536,903.0232019344218,1234.6478556905952,4951.526776184737
2023-03-13,9.411289468038827,30.77767718353689,Weekday,5945.502487302124,783.2999087597912,849.6242194747942,1250.2474324953646,843.4040152846619,6940.507233956258
2023-03-14,32.858264430998986,74.10667223818066,Weekday,5438.697917851066,633.318044943384,1095.8281522766974,1479.3812370352302,905.7145163544213,4539.9288687570415
2023-03-15,38.1779685893395,75.97820561430436,Weekday,4727.6976362070745,1176.2255239400395,742.007877838515,919.3879766916541,1389.8536559351742,5558.110865387023
2023-03-16,37.701254564892466,33.71052616766184,Weekday,2788.143451256148,824.544887797409,911.9449550284455,1204.7193703683502,926.407280259775,6167.996139814423
2023-03-17,28.046578212791594,63.56709189985297,Weekday,4406.995916360668,1469.602305089311,819.0406175813456,1134.939310573222,772.9137213298183,4883.795864241516
2023-03-18,10.747360846624145,30.816786401187528,Weekend,4545.242451753483,626.4754920993628,1240.9110325241154,937.9464074418362,744.2127900103617,6710.944788139852
2023-03-19,35.90833172442146,59.76794259066822,Weekend,5657.155997501037,631.1558699627992,1193.2757068470435,856.080114684321,1446.1402177495354,6709.958110163052
2023-03-20,17.524310130544915,75.82065998670964,Weekday,3587.6188912325724,693.0146027048596,1491.4254269935007,744.1668457607412,1451.6807270736213,5680.185770302052
2023-03-21,15.98560248453342,66.73279373045206,Weekday,3344.6624367746745,1408.496448598344,1326.9180131808957,969.0624670031228,775.542404476304,4980.685248614925
2023-03-22,39.06123330262617,33.69940937281523,Weekday,5464.261347968753,888.7621503188645,1322.6090931121971,1215.1582137689188,1135.7874396530926,5092.023564911574
2023-03-23,23.05945258960342,61.628744072604,Weekday,5325.928115207713,787.343522195303,1481.4710994114546,620.5372218671464,1266.8240741369543,6677.910153218883
2023-03-24,37.807434002783246,68.38551037943799,Weekday,2964.635446659424,1138.8919940643846,1482.1099621750127,780.4566989795235,1447.0948163594494,6997.184269246736
2023-03-25,28.988097121717676,54.03740950610257,Holiday,5522.406895124193,930.1959804103363,1404.1929313133699,1689.0928113633572,1487.6981806262024,5687.334074244545
2023-03-26,25.282382566506957,57.1829130173617,Weekend,5027.416842670873,947.2362789290648,1222.8285350329606,1047.1840699738575,1382.0960214706226,5309.437757290572
2023-03-27,18.768220130966682,58.58661171991722,Weekday,5095.040719105177,782.936259979671,780.6420174985974,1087.4117948925198,1245.440711998176,6567.852896698514
2023-03-28,25.583158605995713,73.52507914148805,Weekday,3381.115138880062,1343.9269459616967,1255.273682785712,1461.5840005839827,600.662389307721,5545.592993273312
2023-03-29,16.111074986763903,64.71099116339404,Weekday,4094.293593445537,1008.3869961277148,710.031800985293,1499.640755036543,649.2706078808615,5793.059931021039
2023-03-30,8.134076602270941,53.39795167445221,Weekday,5679.165033679346,754.2684937946728,1477.341573509358,1447.972146164224,897.4334317716081,4685.895411901922
2023-03-31,12.849909551206535,63.35123586088473,Weekday,2777.186080835795,1426.769259796715,930.6297802969913,974.909263430852,922.8179994280913,6755.28621195043
2023-04-01,15.315524956813519,64.9485146641164,Weekend,3026.333663253341,677.4310808695619,1048.8041268328368,790.0106123233742,1261.4525773210112,6990.4673151003935
2023-04-02,13.427497438241495,62.86785342980321,Weekend,4051.234955669005,1098.406674052058,792.0323946391283,831.6355870933389,835.5402613668554,5337.829260051037
2023-04-03,18.59509489046269,44.022283577775234,Weekday,3274.0780702647403,1488.4945334163385,730.5193778423292,1078.7719250673515,1424.6329908100615,4762.416241453656
2023-04-04,16.70706991369009,33.66826789450304,Weekday,5463.992293942052,887.1931859577519,1266.687359809955,1394.0156874259874,967.9259228863532,4758.2419171138845
2023-04-05,16.46999915304354,35.557413551856634,Weekday,5404.6838409115435,659.9779210251653,859.5016899246366,1168.1749591143193,996.0935960947351,5509.586727255264
2023-04-06,6.725967130305855,56.50437356894188,Weekday,2613.115150106457,635.4446489734208,1052.1772672026614,657.6588576614291,1374.889867144694,5364.899215649776
2023-04-07,11.562873708595504,43.365918952563156,Weekday,3885.844143726081,995.02769299646,1496.2658381697966,808.7325451096893,745.2297099660161,6135.751732808945
2023-04-08,34.50988998731273,54.26233546807499,Weekend,4200.82494403377,1318.761145006602,657.0345104054322,1439.0250258340864,1067.6537118263545,5252.250013758161
2023-04-09,38.47226074535002,61.12048019602809,Weekend,3275.0702812570216,925.6185318884055,705.5650762469753,804.0101211547578,793.9653335719127,6301.551874086377
2023-04-10,17.645866244300294,75.47906001055154,Weekday,2938.1252617228947,1308.3100682048444,686.598941128944,908.808642790498,854.1767551275748,5481.452900395013
2023-04-11,12.654006063142791,38.8115504678586,Weekday,5486.43354827338,1002.7752573970597,702.6134643211822,808.1001327253407,1449.1833554497657,6341.613358180281
2023-04-12,14.196632043696072,32.134953706287206,Weekday,3912.5945111813985,1112.1242360668557,843.6582851840643,700.1948135550575,1306.6216936041842,4664.16566472601
2023-04-13,32.29010871414701,28.90656976533014,Weekday,4973.190337511935,1497.3486639064095,1498.7869958370256,1435.4914889903716,932.8955184798552,4884.5584749704285
2023-04-14,34.114805488779645,50.624983691157375,Weekday,3708.778852147185,1144.331305331906,1275.3980729953782,1208.665644114788,1244.1695352687013,5093.178424684011
2023-04-15,21.95312789714305,50.7943929973302,Weekend,4969.141690271283,1256.57821375549,699.432870070489,1071.66023462435,619.9543960383496,4627.901442832605
2023-04-16,12.660419554671208,68.5263963751708,Weekend,5664.628705666237,859.6342642393064,1075.7700310567275,945.5370540195513,1056.506966566735,5625.170368596929
2023-04-17,15.515827110338996,23.335276676124863,Weekday,5425.415356055408,657.2490002613109,601.5823349522351,1202.7845340856297,1268.9261532750213,6182.878470228904
2023-04-18,9.125571883428155,66.23432763041177,Weekday,4915.131932891109,1201.7229675801068,707.936513274617,958.5619627565862,1284.7507909356855,6120.004920944639
2023-04-19,27.023057608470936,72.90593476220424,Weekday,5555.0111192331,1247.999059517117,1178.9985442236534,1009.3980943547183,1321.006944718094,6668.405472018814
2023-04-20,28.448612718027682,36.284209642661644,Weekday,4995.252422009164,981.167857473444,1412.725638872182,1492.7788898879803,962.5059752220241,6315.007440297047
2023-04-21,25.734875409731803,46.22499400149012,Weekday,5120.534715761674,1371.4403328606136,707.3229604489306,1435.5885434471327,1268.356190052902,5883.933197358476
2023-04-22,33.94639607878176,24.389146177858954,Weekend,5635.443016845238,799.012481171911,1141.9239684112042,1136.6400549046566,1330.3910424682417,5671.518719288816
2023-04-23,38.41829342458158,62.64500454941152,Weekend,4128.342359950036,806.2422684104082,1436.251790654226,1402.051341252878,719.7357418677907,6712.228804983421
2023-04-24,14.608975845395682,78.18669033833763,Weekday,4992.771670579494,930.0740634295748,1382.452434974312,1316.1236815440193,670.3384459382064,5442.29404797394
2023-04-25,24.804793314186632,60.41039253067012,Weekday,4874.499700426753,1072.5261839070795,693.7384133100937,919.2401444704469,1431.7183664329643,4985.536537272021
2023-04-26,16.467442646015947,76.24877041391512,Weekday,3940.808766089237,941.1145463047266,1445.5522510606543,859.0495019180377,1292.596045009695,6982.317879827831
2023-04-27,28.58562686658775,54.97299359560357,Weekday,2784.2491512563993,1425.749509256585,1460.1146870385592,844.6121206098667,1250.2959350032497,4779.941680300263
2023-04-28,15.882993634591811,28.314426035815224,Weekday,3076.910246879997,1136.83994099431,748.4627094228264,795.6696513642366,1384.3469612408535,5098.004797500397
2023-04-29,35.28368416234461,22.914992382523195,Weekend,4829.673423517948,826.6001171149532,655.7334885920804,1213.913965700815,1440.5042363101106,5095.8645041873015
2023-04-30,39.93728323774408,70.51259075797836,Weekend,5518.192134777477,1237.1961011226363,1026.9583254567117,1202.0831942312866,895.2487460996163,6117.431988549491
2023-05-01,35.54034928120477,70.17478336509211,Weekday,5469.586542033668,899.1830517677092,1394.7543761951024,1100.5840589208228,946.451277417548,5408.893187811609
2023-05-02,11.336971518958022,37.43146494558245,Weekday,4637.282754792652,1292.918552600412,668.8540037513154,1053.4366961798828,648.1531182818235,5468.692467640253
2023-05-03,25.382152445296096,43.32399957671686,Weekday,3651.1921018107037,815.0485356659464,703.4231003642244,674.8254793567455,842.0976674398644,5880.4858128416145
2023-05-04,27.613684093455824,57.223272455093976,Weekday,4206.185791459816,1413.02589883446,1081.0719964929767,1288.3871277590927,1114.762575958808,6061.787203364697
2023-05-05,21.463064329918534,64.72525873436345,Weekday,3220.4589845413557,753.4608653194601,641.689683633891,1490.8842900388809,1360.4443285997427,6432.727953564193
2023-05-06,27.93924258001572,54.18152110926552,Weekend,5081.379436135395,1484.481505168791,1465.2287811563401,1047.5342868060802,764.7501048882067,6746.837909841104
2023-05-07,13.667137332636653,67.92324773017577,Weekend,5206.308424920544,810.9182488565635,1338.7561410364765,836.9225287499256,1325.6625615868522,4697.666415454455
2023-05-08,17.79408423908538,37.12416451946585,Weekday,3151.4367171709323,1330.0533899899515,632.1414399200615,745.2450710438507,1170.4333680113668,6430.994316764066
2023-05-09,29.02066904837728,38.53381434083117,Weekday,4610.682118401873,860.5436645219349,1104.3849888069396,1277.9288302742161,881.24717165879,5234.487271490087
2023-05-10,23.47870989550392,66.96041335252181,Weekday,4985.965091843307,796.3484384052042,1337.050877156873,1194.3301723897553,1008.3189712123728,6214.234748133081
2023-05-11,25.459982571395216,61.93408226252109,Weekday,5042.120942518592,1317.439069494652,720.583149625872,702.0780892069552,1286.5189213239482,4745.710650064427
2023-05-12,24.350045215475284,64.19233166722711,Weekday,5480.544455224056,1335.6452208483606,1154.1939626721912,1381.0563995370119,632.2018844257086,5414.137548041656
2023-05-13,24.575588444479333,54.14948243457249,Weekend,2857.1833516949196,715.179462117539,882.8035911502645,1221.3257250235347,1280.9623103131844,6608.933829298601
2023-05-14,25.57991655037865,42.85092110783775,Weekend,2811.729494610754,1355.9444573222709,950.8074142639497,1401.5582666359157,979.6911178067662,5935.958602278359
2023-05-15,28.98430753780026,51.91850408222891,Weekday,3682.512589419821,682.2702854089252,1238.4213846760604,981.8058949485444,759.1779672065417,6761.464172237595
2023-05-16,15.687476569027654,48.047991019101,Weekday,4090.241477659618,759.0520317118769,1096.4557913775031,1094.727992413655,1012.5028279578191,6621.504073816077
2023-05-17,5.78415634179866,33.94357758261137,Weekday,5520.319899521857,1306.9050100024933,693.2767046710253,1207.861114508229,977.4201031956463,6090.2104739393535
2023-05-18,13.160017947519865,68.67511405675924,Weekday,5381.32554085142,1036.9439102063352,1325.1585772347717,1119.3878971716526,1194.1562750233484,5010.156036269743
2023-05-19,30.74901819499689,59.17834910190903,Weekday,4783.314880308593,1451.2078922467756,1446.9100531767492,975.0038745385986,1226.3725741069943,6512.418944866782
2023-05-20,19.279550882942296,64.866225326624,Weekend,5625.5330682045715,678.0299862595069,903.6062836103117,1156.1781739799276,780.7260395902429,4601.609502739958
2023-05-21,12.946040586513249,71.67583577390224,Weekend,5956.870997071114,1037.4376701811796,1013.7927822190522,1013.4414560425766,771.6589009851134,6953.323038365789
2023-05-22,23.970565608270288,72.01790214140638,Weekday,4790.358270624139,1277.468306522228,1334.3033008121486,973.3658627415039,1012.4588673202072,6260.601899670495
2023-05-23,16.212540944824642,47.64244445207632,Weekday,5996.340035735799,635.180969747662,1117.519712624049,728.4946120080015,700.2872050541544,4606.3093775433545
2023-05-24,20.634959511224956,67.99309364155017,Weekday,4219.460554300331,1195.3007359552862,747.5901773149448,1302.4280792767704,626.6599048906392,6800.025423787332
2023-05-25,7.49949664939356,35.557327786239625,Weekday,5439.224915982435,731.6652958556226,1138.9062021410198,1273.4635613570013,843.752194209645,5810.368083440839
2023-05-26,38.105386894180825,77.79737816955421,Weekday,5335.993864334475,1306.1534584120254,1086.3962274922737,950.3113760215655,944.3573359215869,6144.783609018592
2023-05-27,33.11700332776917,55.947285339418784,Weekend,2888.3948273782476,1372.7523240658695,1421.751408841242,755.7796642987646,1323.758323715639,4864.923112594952
2023-05-28,22.821524904574957,64.7609602510052,Weekend,3787.644105231184,669.2898339268862,716.3511578685348,1488.1303462736341,1488.498944842721,5508.113173396143
2023-05-29,29.897084899489972,22.47831861406819,Weekday,2676.191280170182,1435.6502347475662,687.0664650274923,1108.2979490741377,1466.5918683837072,5366.270687595986
2023-05-30,15.548933330423178,34.77299796366967,Weekday,2532.684313677778,1223.8763494248765,1176.987271622179,1135.8085102053972,1052.9845209673404,4988.898848792529
2023-05-31,20.736642561169695,29.363041838411483,Weekday,4577.65711050909,1130.683663340755,784.7750825696521,1158.2294764861113,743.8091741986289,6872.703612474993
2023-06-01,39.748384366058545,77.6852943738492,Weekday,3097.0218600210824,622.9027886753908,1312.451821985783,887.8494694500832,724.294880791906,5318.926653868676
2023-06-02,16.705973525052094,29.73304012576976,Weekday,3465.8795063261778,1166.6387413844627,1297.552330510397,1095.8960995613386,1195.510147756848,6250.726741903603
2023-06-03,30.556397607572524,56.672796424717276,Weekend,5829.250548126562,1406.9771744783748,767.4885478811059,777.1315619818046,1349.4189739919589,5471.211135123475
2023-06-04,23.50567495131915,75.30364080692249,Weekend,3837.7649170892128,964.6923459068994,798.4484583412177,801.891444409604,1075.5583650106087,5094.681781302676
2023-06-05,14.059462787044644,73.83604003216698,Weekday,5886.135005596863,870.1268961641075,890.3626765609981,1174.7040848153651,1356.7474467693414,5647.868343499818
2023-06-06,24.650960459364853,76.30834678666045,Weekday,4117.920325838921,845.0711040480949,939.2596732923112,1176.4320587432737,1437.1895137217691,6656.546897771231
2023-06-07,31.792584848328037,72.74759636935536,Weekday,3094.103618940385,1491.9551286976675,684.6304197852916,676.4047777095134,1416.1744698745301,6432.724740945084
2023-06-08,37.42674522752853,61.25460007744857,Weekday,4392.576725730005,680.119047052931,896.3502817092584,738.5499582466673,868.4818660903841,6355.58264543392
2023-06-09,8.939815449466192,57.059568174472936,Weekday,3327.2208807473526,1398.9209991629712,1063.9869195197907,1179.361715082471,1201.307011572184,6886.547561501695
2023-06-10,19.158417038429434,36.0750700834613,Weekend,4494.639979884116,1416.4215770961591,677.7101425672176,741.5682520517838,604.8473888920319,6422.787846839379
2023-06-11,35.901569876899664,55.245443202073766,Holiday,5097.102079171141,1686.2221523495177,1748.4888321060644,1401.4446024777353,1699.776881007986,8156.45619854158
2023-06-12,20.831127441696268,21.52359441482436,Weekday,4134.9477070587545,1081.374318579742,978.475362830947,1089.287828442353,1223.679259923414,6710.55133517353
2023-06-13,10.80188513465151,60.225365599306485,Weekday,5166.686160701187,1431.6343619160125,746.6047712207139,834.7654162858925,1252.1387306222773,5526.059866768637
2023-06-14,12.58581530046632,20.78236848376516,Weekday,5813.054923184862,1429.7498240147634,1068.9151687133462,997.500553353624,949.7478958009535,5299.489967525621
2023-06-15,36.220053410396744,55.081468467893224,Weekday,3725.5424423640216,1098.980597796228,1399.7353246126645,1245.0539402946695,1289.5710300472429,6859.356422105046
2023-06-16,12.44667700716581,20.65794907035343,Weekday,2559.782745397403,1080.1125633003624,1174.0989562925747,643.4231154229118,872.0678887849841,6556.7638108349565
2023-06-17,13.269026147830168,61.51945548335533,Weekend,2823.420262618276,1122.7638471970536,1441.1464547300006,928.4210579880018,869.6747190090312,4676.461030066938
2023-06-18,12.411928686832738,37.21441991081771,Weekend,3504.857888896222,770.6140994898767,1329.2942284513606,1406.086740234019,1356.779593722707,6389.471521197423
2023-06-19,37.531594498606545,59.38243684510831,Weekday,3360.0236468678104,893.6541531184882,1105.9002397515494,759.4094961243514,1358.9571562904353,4645.5120013959
2023-06-20,27.3560392270562,32.55855587580174,Weekday,4335.965208551879,1384.501013903003,615.3811060533953,784.7625117349828,1056.3621299051954,5172.651854789983
2023-06-21,11.633270521555328,67.55304103197264,Weekday,5986.675181057659,902.1162480472144,679.9326655784,775.7619579068331,607.1863785787916,6786.092350194904
2023-06-22,37.15239944226981,26.08624919710574,Weekday,5914.875393910895,1192.398666819725,949.4366636576224,1184.469521516964,1135.2076049919337,6372.1063273497575
2023-06-23,38.188781659810516,39.999827192843355,Weekday,4509.603325961818,969.8697643509475,1103.107966885728,1248.300311440451,839.9710799475752,4655.3568569326335
2023-06-24,18.99691498762148,30.688517277406433,Weekend,5094.40685894357,1202.7341789295933,970.5981658795865,771.5906819486349,1430.0901995924241,5474.731627850622
2023-06-25,36.1109193120692,45.03421926217466,Weekend,3698.8903657162627,1419.2288587132216,863.3771768308802,1462.2693287872776,712.5139712505729,5931.096992613824
2023-06-26,30.226509151427162,47.05419317428699,Weekday,4332.887120001644,1467.0136070685685,1227.8195246809778,1282.3605543609624,750.3545410276737,6313.186494638025
2023-06-27,9.703156872868874,28.038367603360125,Weekday,3715.113110953581,867.0515182542454,1329.0234046514654,1342.8161804956098,1099.308759934233,4718.259139504313
2023-06-28,28.58277630721801,62.56513881372532,Weekday,5273.9082429166665,996.1662649990449,1162.6200835697427,1447.8350844006468,1046.449989161707,5333.285790323564
2023-06-29,35.40128089130582,35.95823253393317,Weekday,3018.4330405513633,1034.0828289731894,1125.5560234098898,1135.3381699705503,1252.6873637857361,5258.425015026277
2023-06-30,18.385515006853453,54.09801896465428,Weekday,5966.976229282042,1108.9059227059797,940.1078182340818,1305.5546731833879,1300.4450846498505,5141.261248620069
2023-07-01,24.518755285593304,22.99144900717842,Weekend,3651.094037819744,1427.9947260439308,1144.228090718535,1267.071431771219,814.2928485811262,5315.025938144457
2023-07-02,36.45790233996085,63.27910371621513,Weekend,2724.580845121679,1190.3012058146207,915.1770313584914,1481.0677986250796,705.0805675400129,5456.428298377039
2023-07-03,23.205778731300803,39.44673171291771,Weekday,4601.373057626115,856.3934369085971,1195.5173365380956,1255.6529629839629,996.2000053764007,5068.820069531658
2023-07-04,10.615209227633395,51.10094626849164,Weekday,5257.618955455735,1050.7371034659773,646.1592441617998,1204.8835803144405,1437.7720409964436,4807.656969847998
2023-07-05,32.66362451448231,79.53469315087081,Weekday,4202.910426752087,1464.0449430605195,1358.5258400095715,1082.7218474041435,965.0271710438293,6688.987867843576
2023-07-06,8.264422557135731,65.2278560094256,Weekday,5291.851736071535,931.8471777468452,747.6860887556443,1438.8732925587187,793.386924742096,6057.6449501192155
2023-07-07,10.836709931032264,57.21206885494612,Weekday,4963.121888988146,932.1753599230066,1167.6766438110785,861.9321367752289,806.1847703822234,6675.656493623527
2023-07-08,11.879994438477626,34.812418425238505,Weekend,5190.842612966357,1498.497205855115,728.6560652831736,1275.8243452487177,1052.963243616033,5976.061055032071
2023-07-09,24.13264736846791,63.98281397608961,Weekend,3829.339024007556,752.3324555260048,1418.6713332048892,911.8607759291317,1257.3121356555584,6658.280596611227
2023-07-10,22.382529363404203,77.02992782448786,Weekday,3890.39762260934,922.1676785341883,1046.7592829847079,1467.138641702269,738.7194018227034,6086.034824769945
2023-07-11,20.15135872020457,54.72172906957809,Weekday,3889.456534497509,621.4097590918431,624.2558281425293,1127.1994822473362,1251.77692939704,5655.674206001162
2023-07-12,20.093027209731403,72.59204179222847,Weekday,4156.056034880655,725.8304957821032,727.681072599937,609.000075807336,1281.9628103171904,6583.45214722265
2023-07-13,33.0425921603408,55.25564415517675,Weekday,5530.218624242474,901.1363336046811,1324.6763230268002,778.8107499862543,901.807942361702,5194.928441860604
2023-07-14,37.778508412274974,61.393110447660185,Weekday,3376.1506131532988,1145.84830022318,1067.1170724622648,1042.419845761708,1051.2907050154486,5613.576913689671
2023-07-15,31.826062924492806,75.92102000572453,Holiday,3583.98453142202,1048.0217696456336,836.5441267863202,1303.227155139249,1543.0739682539484,8156.45619854158
2023-07-16,19.648803137085864,31.86077398551841,Weekend,5015.126567017466,1396.0710229123333,630.3603661619426,1272.0657635993919,1278.627732540886,5640.075526741932
2023-07-17,27.131086618306988,20.772584251011352,Weekday,3892.6455807899615,713.4832090724342,1029.053123565226,1008.148597101647,1219.7362486340023,4951.379495133219
2023-07-18,9.908748690704105,26.441786712086593,Weekday,5442.179726908126,1343.8342763432847,1267.28568795376,953.4344449952478,1071.426153493515,6017.943736015944
2023-07-19,38.555468103989575,35.43429977458359,Weekday,5502.550816001624,1107.5262727380884,1446.779482466111,1158.8186196150446,642.7707168902011,4834.250950551147
2023-07-20,13.62718536295434,71.65399305980486,Weekday,2782.9895713065907,1033.1055277999026,1005.3970813257454,1050.8531598107509,1390.6721480935144,6318.203845987646
2023-07-21,38.91950180761003,35.854707714923386,Weekday,3846.7016220924806,1281.4659080749798,1271.9353423554558,646.7848970592611,1463.9539381254517,5260.986943922754
2023-07-22,6.267180366172029,70.11760594602148,Weekend,4253.739465240981,1086.9492579120576,1436.7183457530464,1363.7473032490257,1347.8388736112781,6213.947792665936
2023-07-23,39.18447422526275,24.228392699133533,Weekend,5318.498810964613,1393.0408794177365,1045.6600285151312,1467.0974049824504,764.1383081053534,6927.348744131574
2023-07-24,38.253884728066495,79.82224608138259,Weekday,4798.313126164533,846.698426399087,661.2415579380119,863.113765217445,1325.8353407544112,6938.913361148871
2023-07-25,38.05187640361829,48.72817324043697,Weekday,4145.4611659279435,1167.2447516539673,636.9071714215622,1097.8389823392372,916.2453256067793,5688.8977973570345
2023-07-26,12.859411893036519,56.58926009733176,Weekday,4169.825784713376,1100.2826902732643,734.4853584740127,1207.5350820291708,1105.192216055543,6793.203979003384
2023-07-27,32.70236976689051,69.01999121173746,Weekday,2574.6542310507148,724.2328957966963,647.8864010892424,984.1646826949736,1376.0273870406875,5509.195918003826
2023-07-28,31.50368135972186,70.56610099529557,Weekday,5590.743971176333,624.4986942291164,1152.4251209468969,765.535933895399,1447.332746817057,6414.735574404771
2023-07-29,28.27532731362311,69.84495517385955,Holiday,4015.1567339202256,1447.9997228401203,1169.3005972991136,1093.6072444366334,813.0350837772056,7948.777440342269
2023-07-30,14.079499419210428,61.80625019578234,Weekend,5324.677772057962,1232.9711401588124,776.3630984405297,1300.3749537451458,1170.2388952774634,5830.619828008473
2023-07-31,15.490753618555022,31.635611560679354,Weekday,5212.325257641713,1357.3548699418975,1402.9180859455028,1012.1619622571613,812.9600232722256,4687.737850313868
2023-08-01,29.3136987067456,32.86120966963161,Weekday,2803.226088782546,762.5577008531199,940.1580251146163,1138.6103887617533,614.2458380997218,5556.463669035586
2023-08-02,18.36778602756038,31.383165302326987,Weekday,2943.463319659338,647.1981374560459,1089.970423220975,763.815952019678,1137.4518242903082,5368.044913719848
2023-08-03,27.269920981118034,22.413850843465596,Weekday,3825.004846273633,1456.6829459084145,899.9215028356997,853.8156220311901,954.4256373191411,5173.79235169022
2023-08-04,31.79983591347885,42.471492843804214,Weekday,4064.3545114168182,1351.3290149793197,1211.6588558644908,886.5803211362017,682.8889939665927,6000.655039445441
2023-08-05,9.603591711884867,54.46793086491478,Weekend,4624.793230842051,1462.3802888687624,734.1411682312438,1013.2308349222544,967.6190307079961,6473.859225833886
2023-08-06,11.044000272238423,42.63515715856305,Weekend,3668.9000903105552,750.7970375598817,965.8731924912101,1469.1337637948382,906.0117756235123,6775.770399507143
2023-08-07,23.203696204018947,30.5578875182177,Weekday,3253.8608404132638,629.7220594324775,968.2345834685068,1306.073198054792,717.1079979475448,5429.076960351941
2023-08-08,14.816522385482623,70.17901632418307,Weekday,4273.485669708984,891.0760886855539,1074.7602800954928,708.3429126035877,1385.0522388397058,5463.4811946564605
2023-08-09,15.012005712180619,74.53451173856776,Weekday,4630.744198842922,609.8490379061877,797.2802909556788,735.9222113472242,1033.1949334388032,5932.259952877725
2023-08-10,33.93138859984535,58.20496705156697,Weekday,4230.696553309108,642.0917893201972,612.7281487289387,1448.1730949875086,1356.9489867636212,4767.63230895056
2023-08-11,5.488646689631935,61.71220134323974,Weekday,5958.508984417704,688.0857015930565,1429.9458268667863,762.5500469726738,998.1610512240437,6275.424592484665
2023-08-12,27.116222064539908,68.81301637747583,Weekend,2542.6688540416912,1011.5581903265349,834.7797629958274,947.7268004355233,982.8866161009139,5594.049483653289
2023-08-13,17.441812545562115,66.07078282392253,Weekend,4745.017943762219,1158.2699615096299,1162.8907890005357,1116.1757794667278,610.8145571307972,6262.602297204281
2023-08-14,13.885455065363445,62.51967651398936,Weekday,2830.5476209869967,1016.8409589299675,829.2801874209231,988.2514703710526,779.6156159529778,5293.242486026428
2023-08-15,18.830063912491998,24.73518102809983,Weekday,2899.221948043262,1017.8958248006854,1385.9055481836247,609.5104415311571,1407.0788309436548,6181.11681824865
2023-08-16,11.30008667263548,78.62787283521864,Weekday,3078.702732383926,628.4450792184181,940.2399996768243,1265.6060338246261,779.8877150838398,5798.75242347904
2023-08-17,35.658429142084145,25.36881224433101,Weekday,3023.188010085727,743.1560053874896,608.6766104005253,1396.409116865017,806.4296648845806,4903.095188900045
2023-08-18,36.30913244434803,31.11835819729538,Weekday,5292.962697224622,714.667130662915,1208.5033737441292,971.3317171552496,775.1653955187005,5801.782743399053
2023-08-19,13.484299629826392,75.31334564496757,Holiday,3777.273923102819,1365.676552483599,1063.5497335882892,1287.0158486568002,980.3176780947924,7805.655151674801
2023-08-20,11.021571461547028,42.80010072287321,Weekend,2581.372344609726,859.7710896081669,943.8716616272923,1141.2173642421485,1299.3490049141456,6498.636062473171
2023-08-21,13.203389580518033,70.68112391692435,Weekday,4015.0424586301906,1027.7508942291984,1224.4125628070824,1177.708920193625,1330.281459151649,5513.701848960974
2023-08-22,32.977074015407325,23.663387655114565,Weekday,3388.7630367536613,1135.7211181576838,1065.5603586151014,1414.0513670340256,1236.8807563232776,5655.0579307853495
2023-08-23,24.567524275534545,53.8729647992468,Weekday,3545.0032862299067,1071.0972327793938,619.1668211123484,1017.4959356154155,1487.2976603487975,6287.342026174556
2023-08-24,39.71621289644266,27.311532076636304,Weekday,3758.497147020318,895.7704775851719,822.9161344068725,849.6743112960859,1356.6585628959335,5161.029346459627
2023-08-25,33.49441519221274,76.1755013151172,Weekday,5531.96554096506,691.7276064834697,1484.0164145358483,1460.0221064320722,1250.190842150058,6736.6112767620325
2023-08-26,13.551467575845104,61.58763852009172,Weekend,3145.353578860836,1189.5222187422874,1428.4779635059963,1471.0791967494156,1333.441049128055,5864.7372931021455
2023-08-27,27.678570790223453,56.71159245006048,Weekend,5086.074409756933,645.0668375977692,732.6964255441605,1464.5394936099729,1130.2909910672001,5607.373943922144
2023-08-28,6.54559403063055,24.946090695574906,Weekday,3056.5269679056387,1118.9453834178862,813.3895430203402,908.649231970486,601.1690933272715,6551.582040588681
2023-08-29,28.51103341948514,40.355412095098394,Weekday,5226.434281375661,955.1537927871277,1359.2334057241146,942.040667261112,630.2780527957979,4790.400179447584
2023-08-30,34.43301492468529,39.61486769978174,Weekday,3050.3405434507977,1023.8352649806966,901.9060727937307,1229.7626634290402,761.174783236241,4570.931372847345
2023-08-31,34.62459194111976,33.11304753771682,Weekday,2704.352763544863,1234.4200927705097,1000.8882645946937,747.3903341957717,1100.1881228193756,4655.590871166224
2023-09-01,25.748765696908603,31.756909095684414,Weekday,4314.283769099112,827.0569748343072,923.9646323116708,933.9203423536962,1413.8056925137203,6258.626472468638
2023-09-02,13.206225216132678,68.32688079305007,Weekend,2771.3537191268574,804.3227271076636,1216.4612794447871,951.0016586046593,883.7243713516984,6314.016784054992
2023-09-03,32.76309307140149,58.66237381172509,Weekend,2581.4954300051613,699.9743408310866,666.1036446358519,729.74956779321,882.1463638518419,5859.350952207924
2023-09-04,26.857934090305427,72.40677200378666,Weekday,3623.11219799873,1433.4642637982038,829.7433901689021,743.2620396384884,1366.8559944609958,5957.652645022505
2023-09-05,35.99090758096099,73.80809297198675,Weekday,3709.9762304476917,760.7068682876998,1445.4635342574638,882.1948288778784,840.7215403264595,5146.606655224024
2023-09-06,30.718862912578864,71.43608174499786,Weekday,3983.375901754923,691.5302748867625,1112.986818068563,1217.1082326807111,1195.4788704973048,6478.129431476107
2023-09-07,26.81408599112071,36.107567589417215,Weekday,4509.543635451511,1432.7506669988766,1163.3468865106438,613.2023775195696,898.3346280396779,6479.145320976375
2023-09-08,23.36710141882862,25.838809875500612,Weekday,3866.3404561611324,1439.7437176155286,1434.8840027087463,1147.9944702318412,1412.7008569690825,6401.4737082784695
2023-09-09,6.592072431000757,68.25379598895422,Weekend,5979.462302362709,631.0889162392347,974.3617370526813,701.1877287943706,1093.8486093467723,5516.896659255868
2023-09-10,30.0076412791724,58.01408164532732,Weekend,4063.5455566270443,1238.1276039961228,1210.5094167966608,1169.1884934084374,1157.5992209348542,6480.832220145612
2023-09-11,23.165264152013467,66.45068847737747,Weekday,4469.897180565309,639.6245150045086,988.9529181327001,1142.4113585116852,1270.767454695946,6236.936901319894
2023-09-12,15.976136829827249,70.37822298895699,Weekday,3217.2336019847125,1265.9926461763127,1310.0720481700685,1045.4743042099103,1110.3087174290663,5264.805999416801
2023-09-13,37.89766259488045,74.84227057712033,Weekday,5752.150024345018,1023.2634409761549,1498.666657498908,720.3930412451276,1378.09781889559,6190.76300624113
2023-09-14,18.875849920402995,31.382465968682638,Weekday,4029.273297450199,825.4620833336779,1314.2628286584716,1309.646033456023,697.8268485864811,5834.749015967089
2023-09-15,14.326202209889873,67.16641542914203,Weekday,3600.493468298273,697.059887241175,1189.349147152128,902.6134722880381,956.4964735500146,5544.525577643662
2023-09-16,34.26120068586833,58.01797927436141,Weekend,2624.2228418472014,962.5794653708765,960.5783296697355,1474.0874153846341,728.2825323042838,5204.058908952186
2023-09-17,39.81478429792863,47.73214799942356,Weekend,5748.863086209467,801.9396138885461,741.8251021364982,1361.9837679848733,1315.702824065028,4554.293075790874
2023-09-18,13.826080818105407,51.72895308367961,Weekday,5483.626650403659,1335.0318162148324,600.4327249913689,1298.9270777432646,1060.4466412893757,6483.896067572522
2023-09-19,33.8221306007693,26.81592995399855,Weekday,4304.208217749747,718.9932292360559,1285.6211895980646,1306.5639690925998,925.5410321910399,6622.573311804854
2023-09-20,25.911458979960308,75.30490610149172,Weekday,4413.617048553379,1006.0565290798357,1073.250426390731,1113.3930046331789,1423.5290827836866,6189.0629214653145
2023-09-21,28.305803387516494,75.06640386041153,Weekday,3745.5720598943362,1461.4226624594571,1129.6229430835363,1079.1040234398235,1251.2366535238164,6179.352475250515
2023-09-22,24.159792544154293,53.03203371734912,Weekday,5127.282737802658,809.1056604530104,721.3326116245689,1117.0252382157591,1220.5671530269094,5152.997539056548
2023-09-23,22.390513847837674,68.92481708294969,Weekend,4884.626514198999,1230.8423117856873,964.5050106008359,799.8056508763539,1413.9673895527085,4791.120745005889
2023-09-24,21.46406446655032,45.15208077656387,Holiday,4853.420014145015,882.2679025826433,828.8978601238022,1770.1267766253227,1166.764535917152,8156.45619854158
2023-09-25,7.40371832886362,29.249687234746546,Weekday,4727.17527199202,1403.7797935006333,777.7654448345595,969.2258334784065,1150.0796673119276,4616.663291066725
2023-09-26,37.97668082430291,71.95722179447702,Weekday,3628.9874898164526,965.4934994321175,693.9250999558287,1170.6669399062575,988.0051865782682,5135.899251747761
2023-09-27,22.46248444500523,50.59679535456104,Weekday,2819.7404890169105,770.0795913465743,1100.9864279559258,1269.6112882258876,950.0471782802044,5735.0958560259105
2023-09-28,24.563964661269274,32.24021218844365,Weekday,2895.6970090418695,1223.1749674850325,1292.8601740255058,1434.0456009444429,1214.4377018380414,4988.644904056997
2023-09-29,8.756195823925394,26.425008056851738,Weekday,5888.973325505996,1042.0429202779856,1192.1982928679245,900.9619811340781,1083.5456324367274,4867.344418287523
2023-09-30,21.375834429769704,36.42831871984185,Weekend,5622.766087718983,1155.4044432176347,1013.3293457393095,827.0832676542462,955.7223013039645,4775.314250821039
2023-10-01,16.329289302261124,76.88200770388835,Weekend,3582.1704645773107,1258.1676433875875,700.7908223569402,1058.906537816591,1208.3382843404834,5453.277758212902
2023-10-02,7.393894778484186,52.78724093931057,Weekday,4584.039635693776,1423.7340168593366,1352.6033975958098,1453.5837843179115,1358.491259322654,6430.782487746614
2023-10-03,33.64407578271451,21.73379978547594,Weekday,2694.8583901045276,926.9835777506398,989.7541003187923,1070.660603466618,996.0056298347359,4625.815830938455
2023-10-04,28.29017224027128,78.4358971184669,Weekday,2799.2653886552653,906.0013810538318,1421.347007276313,847.6015130887675,1382.7773419757618,6810.389122981764
2023-10-05,7.679203771689327,77.12208140688026,Weekday,5308.129443876969,654.2254763463452,1087.815315560391,1472.1001660594638,1144.8817193197622,5146.547560577148
2023-10-06,39.62557752894139,25.209365078318378,Weekday,4303.70744174171,800.1457115497677,888.290718338252,1260.4645490030439,600.1220662620747,5836.073284978412
2023-10-07,25.31827834198651,41.95001442416961,Weekend,3681.8368908245457,1414.367481911614,1364.53876920945,872.6319254966872,691.1619725970916,5899.416256607171
2023-10-08,13.848359391515237,37.951373831535406,Weekend,4424.330471025943,1319.4750190049174,1418.3860396718633,905.1626059419706,841.5622894851309,6025.513590970209
2023-10-09,15.624691777465324,42.07207351645489,Weekday,5500.40356314417,1366.544959965422,1234.5681296535267,1290.90805587246,1391.2611399862444,6725.747868419368
2023-10-10,7.753786245273449,52.00288866238877,Weekday,5330.179858472426,1040.1948985928507,612.0680593008283,1106.8625713264537,1222.3840564042978,4839.189370865678
2023-10-11,35.128282831543544,56.494921049453836,Weekday,3334.6000602919125,1167.2298206720918,1491.7124040524031,1276.8108627690672,999.1491740335775,6772.570611399402
2023-10-12,32.009628219424584,78.68609774037535,Weekday,4355.872924866022,1262.0778193667525,770.4632946023198,1007.6370075735243,763.929364239222,6860.121170161428
2023-10-13,16.704600206933556,54.09207507957127,Weekday,4692.062299999337,1155.3239757616861,953.1901605739467,921.1625976387593,1145.6971205297605,4627.708481056992
2023-10-14,35.07391222700588,39.74684916567124,Weekend,4423.1892358056275,880.7103746605401,1365.0190365202584,1160.9926607698258,1285.9148309428558,6880.254473217279
2023-10-15,11.38785308201565,33.81119844166086,Weekend,3299.169692338782,1291.737712840835,1393.9997117383627,1169.3528401731423,1023.2455516661607,6207.1352218288275
2023-10-16,12.075014334077194,34.32678245428302,Weekday,3818.820793091899,624.3506105691382,1026.0327713770048,1324.114924632664,995.3579583027367,5900.233885540754
2023-10-17,8.22072652585608,29.217873227088297,Weekday,4512.7253462133995,1301.7887006433261,944.3566163352679,881.1579092119435,1057.1789627318708,5679.893760183462
2023-10-18,30.337948133330855,57.81773659259366,Weekday,3990.849626197827,674.2599753750355,1245.6549055983658,1224.6605528792686,1106.819439245421,6680.456609187806
2023-10-19,23.569822204600595,65.80019784704926,Weekday,4474.571945992219,720.33293542394,1032.734417320518,789.0650406346743,1038.6873034648297,5321.6693016472245
2023-10-20,21.34434927002565,43.34095229234761,Weekday,5208.128291693065,1398.0841499934875,684.0409428238097,1008.8342919322356,930.9272104730107,4779.758344120142
2023-10-21,29.275032644455532,70.93608593433397,Weekend,5179.314605498978,1050.2997089719206,734.5551251016564,1211.7035729485483,1243.9916887832728,5017.5386536316855
2023-10-22,27.84911881958766,57.22873066273558,Weekend,5487.237046999091,1200.6042304673974,1403.0445224592418,965.0452415872144,1339.6209347459094,5616.328387910058
2023-10-23,39.576140777325705,53.93977924839299,Weekday,4202.009512657304,1296.2495992882905,629.7387037796854,1142.2007209879257,758.6107450316113,5780.593721544806
2023-10-24,6.47338830259064,25.648927841568693,Weekday,3752.5507887832896,1106.0261694542771,1079.2120361103898,1280.935724086397,694.8299405034967,4680.770582124877
2023-10-25,14.996279203886335,35.950883141901826,Weekday,4856.546991890247,1465.8178134318086,1161.859534945784,660.8768017021567,987.8026802182549,6731.750264024644
2023-10-26,21.320431516259003,40.59602230596731,Weekday,5818.463748073835,1447.7210913906392,1144.7346832696117,1342.0861497540736,727.2403523486588,4553.010573751017
2023-10-27,38.64916138864181,54.149190709145344,Weekday,4728.577000044395,763.1796990614482,687.8742164042715,1421.5107449128445,617.5613870840739,6718.753912607188
2023-10-28,31.673462498079218,50.23524844228227,Weekend,3295.191017469231,1228.649056393247,1346.7641746160734,1098.18308011185,1382.6659736284582,5201.102024051642
2023-10-29,19.835063626360032,79.5754049477599,Weekend,5829.461545729746,704.5822080995729,1435.5774091665196,856.9954629357474,1304.9031169755717,5104.927347351389
2023-10-30,18.535786993850692,72.6994276489497,Weekday,4747.1747763521835,1198.690134410013,1084.9676858176576,1338.477174986777,821.5000386979809,4617.992102000139
2023-10-31,35.23191817345633,41.34902237294841,Weekday,3587.453536912194,1425.5523251542086,653.1887054281477,920.0566689324268,1332.4779878211702,6051.475536144164
2023-11-01,38.9613536591881,61.44218727618231,Weekday,2741.8380754502305,1346.2921811931424,682.9803142090612,843.3490966169333,833.6690523116625,4576.258600423248
2023-11-02,35.32298949354339,67.0957377548485,Weekday,3546.307360182731,1132.103900457262,1092.4153397692512,1454.737849283746,1350.6613400417482,4827.435831083093
2023-11-03,38.87448673971758,50.943559917515955,Weekday,4822.2800569851315,1085.5802615036216,1065.0129634381685,1159.4623314655778,749.1015751262962,4953.514124749778
2023-11-04,12.72091018881489,24.424415017945055,Weekend,4782.893217588598,865.1869878365244,1011.8845321637183,1010.4198640726231,1209.6077969036971,5839.32250660682
2023-11-05,38.73767075788015,45.10047040543481,Weekend,5424.816953885677,1162.2900918338319,669.1497024491537,1461.011724055486,1097.228577067618,6591.037622894497
2023-11-06,24.355025918551497,57.223391170083545,Weekday,5420.8816389890235,869.5310285418689,1149.1063671305005,1296.6161937628517,1289.8725633632685,5024.787465521709
2023-11-07,28.018736796807673,67.32796323443984,Weekday,5828.428302139962,836.9292160159987,757.7120349189611,1267.0519833675223,1251.5475296758552,5255.848103382377
2023-11-08,35.27661765032677,60.22618626137936,Weekday,3095.7231485779125,1438.8709833866587,936.3924089287411,1405.7387410735766,1121.1597136952473,5073.464417912814
2023-11-09,14.767314947038127,23.401056292469832,Weekday,3385.6011137551054,1434.1991740565495,903.7140602840407,1384.0046146318823,635.2467514410722,5403.181341252396
2023-11-10,8.978385473231658,22.674426207055745,Weekday,4462.6118629849825,1192.0581624381207,1167.7494387496226,1474.024382647886,756.2537148882441,5938.571027741548
2023-11-11,35.0375064407178,29.967347782235763,Weekend,4510.972277422408,647.2738788558185,605.76783249275,1050.1543092516338,1066.5987425577857,5377.982994015228
2023-11-12,11.19551017943057,41.94723520103767,Weekend,3005.016974574798,779.7946771360283,663.6499473949067,1267.76834977396,1443.6942432061478,6435.103810328326
2023-11-13,38.01774374679806,45.25416953038776,Weekday,4275.967206024223,1115.435723000261,1019.877939432833,1222.2266578506697,1303.2092006590563,5342.351878473282
2023-11-14,7.452988309856266,60.714759773550604,Weekday,3695.036284651634,1089.2918946894795,770.5075952630227,1128.5771520395792,998.9819356461417,5077.041613967403
2023-11-15,12.922842742528696,51.77981734225999,Weekday,3645.8851139833328,904.2543887359654,1399.0157302333596,676.5465769552326,746.7993606520803,6107.83048264361
2023-11-16,29.995169786659826,56.60819696944121,Weekday,4818.670896279176,726.7756263842977,1247.626563592045,1240.9918140577547,726.4924239686354,5711.629897260398
2023-11-17,14.957688007628546,76.90112323285032,Weekday,3281.435233486445,698.879172755406,1465.394099717265,1006.1635652884344,614.3255189152277,5047.8862373525435
2023-11-18,12.982055943945168,30.878239683319126,Weekend,4381.202662369317,1486.620751628455,1128.8055302816335,666.1061417108741,896.1812668195319,4520.6361202907065
2023-11-19,23.062667408964057,40.039345033494456,Weekend,4380.276907186468,641.9563826196369,751.4499565104666,642.1106419821107,945.0237561028872,6507.388344811456
2023-11-20,15.655994412487981,68.85087631373062,Weekday,5447.248797947523,602.2479412138391,731.0455853129824,1407.0824846252835,1153.8668177232673,6838.651571670842
2023-11-21,10.960983392723424,67.67586483174236,Weekday,5723.710220353214,1164.5395374597285,1202.3323575653235,616.5998100110154,1052.3978030015755,5590.134170572914
2023-11-22,10.726720472461082,27.452278884641025,Weekday,3562.958242657748,611.2329296664313,1474.0388379051287,851.9096916292287,1476.4946091818924,6607.034264924621
2023-11-23,22.03864239545034,43.975799733346655,Weekday,3275.1554622870945,1290.4846240332854,1076.2333728144217,830.6041220649631,660.758148956294,4678.820043364618
2023-11-24,34.02963978773028,47.730082143616194,Weekday,2596.130542511862,843.5034667744533,1179.385879069516,1094.711708563343,800.0980750118316,6780.36104875092
2023-11-25,22.10424551394126,39.49865278382579,Weekend,3577.270661455894,1390.080586792535,1210.0702395708354,671.1864453788129,1493.3950874797847,5547.750808794585
2023-11-26,20.677452363139974,65.78173477868793,Weekend,5611.990761032297,1192.9299379615281,602.3761017795885,873.3888607055205,1356.2662973366141,6962.902427133706
2023-11-27,17.094972585218315,21.681700510853247,Weekday,5290.478336221764,941.197345356181,1022.4532528061891,1318.1276849254457,788.5488284810731,5256.635743132319
2023-11-28,17.14803129590944,24.68732701711439,Weekday,4307.2422881385755,1139.1628285370002,1032.7223907966847,703.4299907982745,1121.6440054307614,5650.590794220195
2023-11-29,17.34724714752584,24.83884361557455,Weekday,5388.196186998941,894.491074527997,1065.005203600872,1084.1690604031023,1147.3976780359271,5162.7049346176855
2023-11-30,11.483023921065643,23.642183496761596,Weekday,3672.388377094382,1367.7093597890948,912.7854634811328,1178.1475951239881,1497.0013350814331,6209.041565114161
2023-12-01,16.918738262742195,52.58137495152545,Weekday,2922.21442755037,1446.341445043778,766.035986682467,1087.669300192887,756.1817822372597,5696.786466959079
2023-12-02,34.0296320341837,53.48614640163721,Weekend,2762.8313339905444,1353.6347738140564,987.2359184184131,641.1388090552297,649.5302919298226,5742.068490893056
2023-12-03,15.408560864902295,77.59564468397792,Weekend,3554.589145093636,830.9329087498946,1484.4341639182628,1119.3411515700116,763.4232224976524,6266.138677546625
2023-12-04,34.239247204327256,62.7304635307161,Weekday,5716.860126363705,1411.4458210736107,849.6155510332298,1340.8430751150631,1348.3533185871074,5645.810103105477
2023-12-05,24.966671109389196,33.2969407463964,Weekday,5546.534065154168,626.0448993629582,864.2053390997498,1288.5650978054657,834.2817081687643,5600.5420666550535
2023-12-06,17.14551786827602,73.36524106779103,Weekday,2734.8193223844255,1326.950053908498,759.211815851145,866.4268073804709,1224.066346421408,6385.9748062583785
2023-12-07,16.56017075907065,47.92081358135141,Weekday,5447.711378603687,731.469309922319,1343.2635326528812,1415.5676288938546,1341.2722409447074,5299.951899915585
2023-12-08,6.58359488993593,52.76996371715833,Weekday,2905.2543949662786,1081.5730078111,1043.1961386549312,1480.2631050226196,636.3585141444609,4722.552708833182
2023-12-09,8.183336680203176,56.3496826910859,Weekend,5010.1944241588635,806.7500763076354,1397.4575270791288,1178.4253279964637,1142.8850303558625,5568.081046911553
2023-12-10,22.800520017223693,63.49126662614794,Weekend,5989.94050203961,631.0611767839445,1477.212116615493,1117.8647346501123,700.4168451793222,6725.439400341236
2023-12-11,17.286344044548564,51.10677143563028,Weekday,5413.666453346723,940.6750718464621,1443.2705131817706,827.5312941093136,1265.4295939346189,5681.574964618965
2023-12-12,24.754563275240773,50.406349042430016,Weekday,4105.3410985541805,966.8933166996593,685.4269014863444,1127.488863150526,1112.646167597432,4799.162051493212
2023-12-13,14.826534076816326,65.10200326147714,Weekday,3254.8627166464566,964.4057171154099,1210.8684104753913,1271.3645150985571,1388.5698663527883,5159.728170817527
2023-12-14,28.99734268178811,29.51566497259033,Weekday,5823.225181122085,1493.0263852424061,1481.0362654304952,1467.4298951137248,1442.8984915051744,6587.41332431924
2023-12-15,21.097167777030567,30.657299037951432,Weekday,2910.1922531045698,874.888034948839,790.0886578356142,1006.9542178787569,1103.3456450396882,5909.126279267215
2023-12-16,7.689647698808832,26.44556058393998,Weekend,2738.1961591039635,1457.5444114003992,951.9710452941595,814.6029935823534,1467.7166904635355,6239.88988263013
2023-12-17,34.63249758822493,71.80396499188606,Weekend,4857.773335871437,1247.4341368058033,1377.1454363902299,1169.8986832344626,646.8798411393522,5100.48387243162
2023-12-18,10.028815386834012,63.019545824449025,Weekday,3958.9804585580214,1034.1989351001898,1079.8320870249331,666.394456071202,657.6362423225329,5748.932882168171
2023-12-19,36.17903440931319,41.629245356444414,Weekday,5464.07720134123,719.7394574862944,623.2211146616386,855.9695158107033,1299.057901166831,5774.479505962139
2023-12-20,30.586689192972738,52.5444878614853,Weekday,3959.9914393781837,653.1443256550875,1280.8381726761622,994.3100545370995,964.2233316694308,6886.23591821981
2023-12-21,18.495491113761098,79.94704847199469,Weekday,4344.064366765735,629.3012817572584,1477.375140558999,1333.8009753760152,1478.2431174097253,6100.5149615971795
2023-12-22,37.58171983883408,22.10732525529928,Weekday,4807.419506535492,875.1586704193578,1029.6338947497077,612.7119197557477,1018.3350956558095,5421.1459719612785
2023-12-23,23.9111345130195,21.515639882964088,Weekend,2876.949204684326,687.4134565230211,1141.7168536972056,1346.8749634660223,1027.2902599635404,6625.2413032784325
2023-12-24,38.6764002912918,32.71962378476945,Weekend,4807.838226122751,1393.4626208716627,913.6112253686808,881.4933605272904,839.1567774434798,5569.778319670177
2023-12-25,32.04144778638194,65.8497278951036,Weekday,3136.4507650366904,1079.8371305870423,1416.3792718776272,1241.5821494476777,660.6837512214138,6853.462888543151
2023-12-26,8.409032698503644,39.48081019242164,Weekday,3400.829641242523,1459.0681240907272,871.3363103356512,992.466015247408,1402.7231593659685,5142.802127034512
2023-12-27,15.238662524509271,78.6869223234032,Weekday,5375.534648007166,752.6519673282644,766.5935466976644,1174.8189837963173,1472.7307060297987,6105.439495291557
2023-12-28,16.10077178966143,76.29677072039443,Weekday,4692.080345637001,730.6173036861769,701.1555260671452,1266.0053952646458,1066.3577637378403,6388.840543985497
2023-12-29,16.06775333463257,75.52331366399719,Weekday,4192.375050837233,1279.3572236841594,871.7552954964888,690.9604660096152,778.2745368662843,5263.621178227461
2023-12-30,14.776035232553273,44.67276969487051,Holiday,3139.2313629234536,954.5341350094935,1539.1226302046812,1363.1268156184801,952.4144843501706,8156.45619854158
2023-12-31,7.038421374944062,38.11511376310463,Holiday,6450.095763645768,1159.8765352844996,866.1706220952258,824.0419094145601,1592.520702209602,5760.709334263622
